prompt,generated_text
Artificial intelligence will,"Artificial intelligence will soon become the leading force in the field of computing. In a report published today by the University of Arizona, researchers have developed a new version of the ""smart AI"" that can recognize a human, detect a dog, and detect a cat.

The AI version, called ""Spacedock,"" uses a combination of neural networks and the Internet to learn how to navigate the world, making it more like a human than a cat. Instead of simply reading a sentence, Spacedock will recognize the words of a human and ask for his or her name. The AI will then respond to the human's response, which will decide whether the human is a good or a bad person.

The AI version will have a better understanding of how human-like humans react and how to respond to them, while also being more accurate at recognizing them.

""It's not surprising that the human is becoming a little more human,"" said Paul Goetz, the lead author of the study. ""But there is no denying that the world is changing and that there's more to human beings than just intelligence.""

The AI version, named ""Spacedock"" by a team of researchers, will serve as a starting point for researchers to develop better ways to understand how"
The future of education is,"The future of education is in the hands of educated professionals, not students who are looking to get promoted.""

He added: ""The current model is in the hands of one-off students who have got no other choice but to work for a company that is not a public institution."""
"In a distant galaxy,","In a distant galaxy, a small group of people are in the process of working on a new kind of computer—the quantum computer.

Quantum computers are based on the superposition theory of quantum mechanics, a theory that describes computers being able to combine atoms in any way. That's what quantum computers are.

One of the first things we will find is that quantum computers are far more complicated than they seem.

The physical world of quantum computers is completely different than the physical world of a computer that is physically connected with a computer. Quantum computers are far more complicated than computers that are physically connected with a computer.

Quantum computers are the new kind of computer that we will find in the future.

The next step in the development of this new sort of computer is to build it up over time.

I'm going to use the term ""quantum computers"" to refer to computers that have been built up over the past few years, like a computer that is being built up over time.

It's been a lot of moving parts.

For the past couple of years, I've been working on building a quantum computer that I believe will be built up over time.

What are the main challenges that you face as you go"
Climate change is,"Climate change is a global emergency and no one can be sure it will be stopped tomorrow,"" said Mr. McGovern, who is also the director of the National Science Foundation.

Advertisement Continue reading the main story

He said ""the most important thing we can do is to put a stop to the flow of carbon dioxide into the atmosphere.""

The United States is the world's largest emitter of greenhouse gases. By 2030, the United States will have the world's highest carbon dioxide emissions, equivalent to about 10 million metric tons of carbon dioxide.

The United States will also be the world's fifth-largest emitter of greenhouse gases."
The most important invention in history is,"The most important invention in history is the invention of the automobile. Its ultimate success is its failure.

The automobile has created a new form of transportation, one that has never existed before. It is now a force of nature that is capable of bringing to a life the human spirit and will to which it has been accustomed. The automobile is the vehicle of choice for mankind. It has become the most important invention of all time.

In the middle of the twentieth century, the automobile was a symbol of the American spirit and the spirit of freedom. It represented the ideal of the automobile in an idealized form. It made a contribution to the industrialization of the world. But the automobile was not the only one that was important in bringing people to work. The automobile was also the most important invention of the twentieth century. The automobile has given us the means to accomplish this goal. It has given us the means to make the world a better place. The automobile has given us the means to give the world the good life. The automobile has made an important contribution to the development of science and technology. The automobile has made a contribution to the development of commerce and to the development of life. The automobile has given us the means to make all of these things possible.

The automobile has made the"
